,City,Country,Lat,Lng,Max Temp,Humidity,Cloudiness,Wind Speed,Current Description
0,Punta Arenas,CL,-53.15,-70.9167,55.51,41,20,20.71,few clouds
1,Blackwater,AU,-23.5833,148.8833,76.57,72,67,12.48,broken clouds
2,Khatanga,RU,71.9667,102.5,-22.94,100,99,6.76,overcast clouds
3,Lapithos,CY,35.3375,33.1792,58.23,67,0,5.14,clear sky
4,Mar Del Plata,AR,-38.0023,-57.5575,63.88,77,11,15.01,few clouds
5,Albany,US,42.6001,-73.9662,37.81,62,97,4.52,overcast clouds
6,Georgetown,MY,5.4112,100.3354,77.9,77,20,10.36,light rain
7,Leningradskiy,RU,69.3833,178.4167,-3.14,98,100,14.81,snow
8,Meadow Lake,US,34.8014,-106.5436,65.17,25,0,10.56,clear sky
9,Cape Town,ZA,-33.9258,18.4232,62.1,89,92,1.99,overcast clouds
10,Mehamn,NO,71.0357,27.8492,30.38,74,40,25.32,scattered clouds
11,Atuona,PF,-9.8,-139.0333,78.49,75,5,18.3,clear sky
12,Ashland,US,40.8167,-82.2665,49.26,67,100,16.11,overcast clouds
13,Ponoka,CA,52.6768,-113.5815,9.88,80,29,8.34,scattered clouds
14,Hermanus,ZA,-34.4187,19.2345,60.91,95,100,11.05,light rain
15,Haines Junction,CA,60.7522,-137.5108,-0.04,99,100,1.83,overcast clouds
16,Vaini,TO,-21.2,-175.2,80.76,89,75,13.8,broken clouds
17,Kapaa,US,22.0752,-159.319,79.48,71,40,3.0,scattered clouds
18,Sistranda,NO,63.7256,8.834,21.9,69,77,14.99,broken clouds
19,Tasiilaq,GL,65.6145,-37.6368,29.98,92,99,26.8,snow
20,Arraial Do Cabo,BR,-22.9661,-42.0278,75.16,88,20,16.11,few clouds
21,Honolulu,US,21.3069,-157.8583,73.22,77,75,10.36,light rain
22,Barrow,US,71.2906,-156.7887,8.62,78,90,19.57,light snow
23,Port Elizabeth,ZA,-33.918,25.5701,66.09,90,100,13.73,overcast clouds
24,Tukrah,LY,32.5341,20.5791,63.28,71,63,18.7,broken clouds
25,Dunedin,NZ,-45.8742,170.5036,54.81,66,98,3.0,overcast clouds
26,Saint-Georges,GD,12.0564,-61.7485,78.48,89,20,12.66,few clouds
27,Lorengau,PG,-2.0226,147.2712,85.08,75,60,16.35,broken clouds
28,Srednekolymsk,RU,67.45,153.6833,-48.71,100,71,4.79,broken clouds
29,Lozuvatka,UA,48.0571,33.2858,32.49,100,90,8.99,mist
30,Sorland,NO,67.667,12.6934,24.87,67,88,9.69,overcast clouds
31,Antanifotsy,MG,-19.65,47.3167,59.95,87,66,2.1,broken clouds
32,Kailua,US,21.4022,-157.7394,73.38,55,61,14.83,light rain
33,Thompson,CA,55.7435,-97.8558,-14.08,90,37,7.85,scattered clouds
34,Busselton,AU,-33.65,115.3333,60.04,74,61,15.86,broken clouds
35,North Bend,US,43.4065,-124.2243,55.24,85,1,8.05,clear sky
36,Pokrovsk,UA,48.282,37.1758,33.35,95,100,2.64,overcast clouds
37,Homer,US,59.6425,-151.5483,37.29,78,90,8.05,light rain and snow
38,Mecca,SA,21.4267,39.8261,74.57,73,1,1.77,clear sky
39,Upernavik,GL,72.7868,-56.1549,25.7,72,100,3.94,overcast clouds
40,Viru,PE,-8.4167,-78.75,63.7,70,100,5.32,overcast clouds
41,Mataura,NZ,-46.1927,168.8643,54.48,48,90,4.56,overcast clouds
42,Severo-Kurilsk,RU,50.6789,156.125,31.48,74,94,16.89,overcast clouds
43,Olafsvik,IS,64.8945,-23.7142,41.18,90,100,5.1,overcast clouds
44,Hithadhoo,MV,-0.6,73.0833,81.23,78,100,12.95,overcast clouds
45,Katsuura,JP,35.1333,140.3,47.1,73,100,9.06,overcast clouds
46,New Norfolk,AU,-42.7826,147.0587,62.65,51,51,1.99,broken clouds
47,Waipawa,NZ,-41.4122,175.5153,51.46,97,100,6.64,light rain
48,Vostok,RU,46.4856,135.8833,17.89,93,41,5.93,scattered clouds
49,Zhigansk,RU,66.7697,123.3711,-28.44,94,100,7.45,overcast clouds
50,Calabar,NG,4.9517,8.322,77.49,91,99,3.44,overcast clouds
51,Matamoros,MX,25.5333,-103.25,80.71,18,75,0.0,broken clouds
52,Rikitea,PF,-23.1203,-134.9692,76.33,74,98,8.57,overcast clouds
53,Lambarene,GA,-0.7001,10.2406,76.3,93,100,3.8,moderate rain
54,Ushuaia,AR,-54.8,-68.3,49.66,57,40,28.77,scattered clouds
55,Koslan,RU,63.4564,48.8989,10.54,95,68,6.53,broken clouds
56,Honiara,SB,-9.4333,159.95,83.71,75,88,2.19,overcast clouds
57,Deputatskiy,RU,69.3,139.9,-24.45,97,100,2.75,overcast clouds
58,Nur,PL,52.6683,22.3221,31.78,88,100,6.35,overcast clouds
59,Lebu,CL,-37.6167,-73.65,62.98,69,0,14.52,clear sky
60,Salekhard,RU,66.53,66.6019,-19.1,92,38,9.91,scattered clouds
61,Rotifunk,SL,8.2333,-12.6833,76.69,87,35,2.66,scattered clouds
62,Bilibino,RU,68.0546,166.4372,-19.28,99,100,2.64,overcast clouds
63,Langsa,ID,4.4683,97.9683,72.5,95,100,1.92,overcast clouds
64,Eirunepe,BR,-6.6603,-69.8736,72.5,99,100,1.81,overcast clouds
65,Mahebourg,MU,-20.4081,57.7,78.26,71,12,11.5,few clouds
66,Saskylakh,RU,71.9167,114.0833,-27.94,97,100,4.03,overcast clouds
67,Mount Gambier,AU,-37.8333,140.7667,61.66,48,88,6.11,overcast clouds
68,Jamestown,US,42.097,-79.2353,43.92,49,90,11.99,overcast clouds
69,Pisco,PE,-13.7,-76.2167,69.85,78,75,16.11,broken clouds
70,Nikolskoye,RU,59.7035,30.7861,-0.6,98,8,4.79,clear sky
71,Bredasdorp,ZA,-34.5322,20.0403,60.28,96,100,8.05,light rain
72,Hilo,US,19.7297,-155.09,76.73,88,75,13.8,heavy intensity rain
73,College,US,64.8569,-147.8028,5.29,78,75,4.61,broken clouds
74,Dhidhdhoo,MV,6.8833,73.1,80.92,76,48,8.14,scattered clouds
75,Cidreira,BR,-30.1811,-50.2056,69.89,87,50,14.45,scattered clouds
76,Carnarvon,AU,-24.8667,113.6333,72.84,78,0,20.18,clear sky
77,Bethel,US,41.3712,-73.414,43.0,51,1,4.61,clear sky
78,Acapulco,MX,16.8634,-99.8901,85.82,70,1,8.05,clear sky
79,Cherskiy,RU,68.75,161.3,-47.02,100,85,4.65,overcast clouds
80,Negara,ID,-8.3151,114.6025,76.12,94,100,6.17,moderate rain
81,Meulaboh,ID,4.1363,96.1285,75.79,87,94,4.0,overcast clouds
82,Paita,PE,-5.0892,-81.1144,72.16,79,90,18.52,overcast clouds
83,Honningsvag,NO,70.9821,25.9704,29.95,80,75,21.85,light snow
84,Baykit,RU,61.67,96.37,-6.9,96,100,2.75,overcast clouds
85,Lagos,NG,6.5833,3.75,82.72,84,83,4.52,broken clouds
86,Tecoanapa,MX,16.5167,-98.75,84.56,61,1,8.34,clear sky
87,Kununurra,AU,-15.7667,128.7333,76.98,88,90,4.61,overcast clouds
88,Kaili,ID,-3.4626,120.2147,66.06,89,100,3.18,overcast clouds
89,San Quintin,MX,30.4833,-115.95,64.69,71,0,14.25,clear sky
90,Chokurdakh,RU,70.6333,147.9167,-41.57,99,58,5.95,broken clouds
91,Tortoli,IT,39.9256,9.6572,44.98,88,100,6.64,overcast clouds
92,Hobart,AU,-42.8794,147.3294,63.01,58,40,4.0,scattered clouds
93,East London,ZA,-33.0153,27.9116,69.24,95,100,3.13,overcast clouds
94,Pilar,BR,-9.5972,-35.9567,75.13,88,74,6.49,broken clouds
95,Zaysan,KZ,47.4667,84.8667,18.99,85,96,1.16,overcast clouds
96,Ilulissat,GL,69.2167,-51.1,28.42,86,75,16.11,light snow
97,Puerto Ayora,EC,-0.7393,-90.3518,76.96,83,57,10.0,broken clouds
98,Yerbogachen,RU,61.2767,108.0108,-21.89,100,95,2.51,overcast clouds
99,Camacupa,AO,-12.0167,17.4833,62.69,96,100,2.1,light rain
100,Mezen,RU,65.8522,44.24,8.29,86,16,7.29,few clouds
101,Kalabo,ZM,-14.97,22.6814,69.19,83,99,4.47,light rain
102,Bilma,NE,18.6853,12.9164,66.7,18,56,7.05,broken clouds
103,Dalvik,IS,65.9702,-18.5286,42.73,78,100,9.75,moderate rain
104,Tiksi,RU,71.6872,128.8694,-15.2,95,100,6.2,overcast clouds
105,Pemangkat,ID,1.1667,108.9667,79.34,81,100,9.93,moderate rain
106,Bluff,NZ,-46.6,168.3333,54.81,50,72,12.84,broken clouds
107,Pekan,MY,3.4836,103.3996,73.51,84,100,9.6,overcast clouds
108,Saint Pete Beach,US,27.7253,-82.7412,77.2,68,1,1.99,clear sky
109,Dikson,RU,73.5069,80.5464,-1.03,94,100,9.22,overcast clouds
110,Qaanaaq,GL,77.484,-69.3632,19.83,81,100,6.04,overcast clouds
111,Port Hardy,CA,50.6996,-127.4199,37.4,80,90,4.61,overcast clouds
112,Dakar,SN,14.6937,-17.4441,76.08,83,100,6.91,overcast clouds
113,Nouakchott,MR,18.0858,-15.9785,78.73,27,100,11.77,overcast clouds
114,Kaitangata,NZ,-46.2817,169.8464,52.93,57,96,7.34,overcast clouds
115,Avarua,CK,-21.2078,-159.775,82.45,83,38,8.05,moderate rain
116,Santa Barbara,US,34.7333,-120.0343,75.24,29,1,4.61,haze
117,Semey,KZ,50.4111,80.2275,20.64,83,92,8.08,overcast clouds
118,Chuy,UY,-33.6971,-53.4616,66.88,78,97,9.01,overcast clouds
119,Salalah,OM,17.0151,54.0924,75.29,33,0,8.05,clear sky
120,Lata,PT,40.1629,-8.3327,53.82,94,49,2.91,scattered clouds
121,Kodiak,US,57.79,-152.4072,33.31,75,90,5.75,light snow
122,Richards Bay,ZA,-28.783,32.0377,77.18,77,95,16.11,overcast clouds
123,Korla,CN,41.7597,86.1469,30.2,49,100,2.33,overcast clouds
124,Port Alfred,ZA,-33.5906,26.891,68.81,93,100,10.47,overcast clouds
125,Zhangjiakou,CN,40.81,114.8794,25.2,57,1,6.2,clear sky
126,Belle Fourche,US,44.6714,-103.8522,27.32,53,99,23.29,overcast clouds
127,Yellowknife,CA,62.456,-114.3525,-18.58,84,20,3.44,few clouds
128,Kyzyl-Suu,KG,42.3414,78.0056,28.11,59,82,8.12,broken clouds
129,Hasaki,JP,35.7333,140.8333,45.28,64,100,10.89,overcast clouds
130,Rocha,UY,-34.4833,-54.3333,63.73,95,91,6.67,overcast clouds
131,Codrington,AU,-38.2667,141.9667,64.13,49,99,8.41,overcast clouds
132,Boyolangu,ID,-8.1181,111.8935,75.6,91,100,4.21,light rain
133,Panaba,MX,21.2833,-88.2667,83.89,46,0,5.5,clear sky
134,Saint George,US,37.1041,-113.5841,72.36,23,1,3.44,clear sky
135,Sakakah,SA,29.9697,40.2064,60.37,35,91,10.09,overcast clouds
136,Bolshoy Kamen,RU,43.1225,132.3583,8.49,93,16,4.83,few clouds
137,Sosnovo-Ozerskoye,RU,52.5249,111.5418,12.78,82,59,12.24,broken clouds
138,Cuiluan,CN,47.72,128.648,18.57,94,65,5.95,broken clouds
139,Harper,LR,4.375,-7.7169,80.58,81,19,8.21,few clouds
140,Ukiah,US,39.1502,-123.2078,77.43,42,1,5.75,clear sky
141,Tagab,AF,34.855,69.6492,42.76,57,11,4.74,few clouds
142,Rutana,BI,-3.8667,30.1,58.98,86,100,3.58,overcast clouds
143,Mayo,US,38.8876,-76.5119,51.39,59,75,0.0,broken clouds
144,Kidal,ML,18.4411,1.4078,73.85,14,77,1.12,broken clouds
145,Tezu,IN,27.9167,96.1667,64.6,60,96,3.18,overcast clouds
146,Ribeira Grande,PT,38.5167,-28.7,64.06,72,74,7.54,broken clouds
147,Karratha,AU,-20.7377,116.8463,84.27,35,24,13.4,few clouds
148,Bairiki,KI,1.3292,172.9752,86.0,66,40,16.11,light rain
149,Kruisfontein,ZA,-34.0033,24.7314,63.88,91,74,6.8,broken clouds
150,Kerema,PG,-7.9631,145.7785,80.04,78,81,3.91,broken clouds
151,Romny,UA,50.751,33.4747,29.52,71,100,6.87,overcast clouds
152,Les Escoumins,CA,48.1111,-69.0236,15.15,80,92,7.02,overcast clouds
153,Oktyabrskiy,RU,54.4815,53.471,25.59,92,100,3.78,overcast clouds
154,Lucea,JM,18.451,-78.1736,82.26,76,90,6.93,overcast clouds
155,Ponta Do Sol,PT,32.6667,-17.1,66.83,74,33,8.86,scattered clouds
156,Bubaque,GW,11.2833,-15.8333,81.54,69,99,14.0,overcast clouds
157,Kikwit,CD,-5.041,18.8162,70.77,97,100,1.36,overcast clouds
158,Neijiang,CN,29.5835,105.0622,53.62,77,50,4.81,scattered clouds
159,Ancud,CL,-41.8697,-73.8203,74.73,62,45,5.97,scattered clouds
160,Shingu,JP,33.7333,135.9833,51.66,90,99,5.19,overcast clouds
161,Daru,PG,-9.0763,143.2092,80.8,78,100,1.52,overcast clouds
162,Biltine,TD,14.5333,20.9167,75.94,21,4,9.6,clear sky
163,Avera,US,33.194,-82.5271,69.67,70,100,5.21,overcast clouds
164,Diamantino,BR,-14.4086,-56.4461,78.17,86,99,0.94,moderate rain
165,Namatanai,PG,-3.6667,152.4333,80.87,80,97,1.39,overcast clouds
166,Two Hills,CA,53.7169,-111.7518,0.48,77,63,6.91,broken clouds
167,Cabatuan,PH,10.8794,122.486,71.89,88,83,9.73,broken clouds
168,Alice Springs,AU,-23.7,133.8833,72.95,56,3,5.75,clear sky
169,Ostrovnoy,RU,68.0531,39.5131,8.76,74,83,21.9,broken clouds
170,Pevek,RU,69.7008,170.3133,-8.59,96,100,15.26,overcast clouds
171,Saint-Leu,RE,-21.15,55.2833,76.03,79,26,3.27,scattered clouds
172,Grindavik,IS,63.8424,-22.4338,40.95,93,75,17.27,heavy intensity rain
173,Kitale,KE,1.0157,35.0062,57.54,73,92,1.03,overcast clouds
174,Chino Valley,US,34.7575,-112.4538,69.67,20,1,1.99,clear sky
175,Kavieng,PG,-2.5744,150.7967,82.65,80,95,5.75,moderate rain
176,Ouadda,CF,8.0777,22.4007,74.73,29,93,5.5,overcast clouds
177,Takoradi,GH,4.8845,-1.7554,81.0,83,58,10.0,broken clouds
178,Gat,IL,31.61,34.7642,61.39,59,15,8.16,few clouds
179,Anloga,GH,5.7947,0.8973,84.42,83,68,12.15,broken clouds
180,Talcahuano,CL,-36.7167,-73.1167,65.88,59,0,14.97,clear sky
181,Collie,AU,-33.3667,116.15,56.98,76,30,11.9,scattered clouds
182,Kabalo,CD,-6.05,26.9167,69.24,98,99,3.76,light rain
183,Necochea,AR,-38.5473,-58.7368,66.04,62,0,11.18,clear sky
184,Raga,SS,8.4596,25.678,77.54,27,93,4.72,overcast clouds
185,Vargem Grande,BR,-3.5431,-43.9158,78.6,77,65,3.13,broken clouds
186,Saint Anthony,US,45.0205,-93.218,39.25,68,90,3.0,overcast clouds
187,Coihaique,CL,-45.5752,-72.0662,69.75,46,75,6.91,broken clouds
188,Koronowo,PL,53.3137,17.937,33.53,93,99,10.63,overcast clouds
189,Atambua,ID,-9.1061,124.8925,75.13,89,99,2.19,overcast clouds
190,Tolstoy-Yurt,RU,43.4444,45.7722,32.32,100,74,4.47,fog
191,Maceio,BR,-9.6658,-35.7353,76.44,88,75,2.3,broken clouds
192,Torbay,CA,47.6666,-52.7314,32.76,73,20,6.91,few clouds
193,Saldanha,ZA,-33.0117,17.9442,60.85,93,13,15.57,few clouds
194,Victoria,HK,22.2855,114.1577,64.33,58,41,1.01,scattered clouds
195,Bengkulu,ID,-3.8004,102.2655,74.91,89,95,6.73,light rain
196,Laguna,US,38.421,-121.4238,69.64,82,75,0.0,broken clouds
197,Coquimbo,CL,-29.9533,-71.3436,60.53,82,40,11.5,scattered clouds
198,Mackay,AU,-21.15,149.2,84.69,66,89,13.09,overcast clouds
199,Kadhan,PK,24.481,68.9859,67.01,23,0,4.88,clear sky
200,Norman Wells,CA,65.282,-126.8329,-11.97,82,65,4.43,broken clouds
201,Fallon,US,39.4735,-118.7774,66.42,23,40,9.22,scattered clouds
202,Saint-Raymond,CA,45.467,-73.6095,26.67,69,90,2.3,overcast clouds
203,Plettenberg Bay,ZA,-34.0527,23.3716,65.26,84,97,12.88,overcast clouds
204,Krasnoselkup,RU,65.7,82.4667,-35.61,100,31,3.2,scattered clouds
205,Sinop,TR,41.7711,34.8709,47.62,81,21,10.83,few clouds
206,Cayenne,GF,4.9333,-52.3333,77.04,91,75,1.99,broken clouds
207,Anadyr,RU,64.75,177.4833,5.5,84,90,32.99,heavy snow
208,Sinnamary,GF,5.3833,-52.95,77.99,88,100,8.03,light rain
209,Abha,SA,18.2164,42.5053,55.22,50,0,0.0,clear sky
210,Awbari,LY,26.5921,12.7805,51.6,25,2,8.81,clear sky
211,Barra Patuca,HN,15.8,-84.2833,80.29,76,9,5.08,clear sky
212,Itanhem,BR,-17.1664,-40.33,71.46,92,14,6.67,few clouds
213,Kysyl-Syr,RU,63.8986,122.7617,-27.36,95,53,6.15,broken clouds
214,Hamilton,US,39.1834,-84.5333,61.43,77,90,1.01,overcast clouds
215,Vila Velha,BR,-20.3297,-40.2925,78.75,87,40,7.0,scattered clouds
216,Rio Negrinho,BR,-26.2544,-49.5183,63.95,99,99,5.17,overcast clouds
217,Sitka,US,57.0531,-135.33,35.49,75,75,12.66,light rain
218,Nanortalik,GL,60.1432,-45.2371,26.87,79,94,38.34,light snow
219,Chifeng,CN,42.2683,118.9636,30.29,45,69,8.99,broken clouds
220,Pangnirtung,CA,66.1451,-65.7125,8.17,97,100,6.91,light snow
221,Iqaluit,CA,63.7506,-68.5145,10.13,72,90,13.0,light snow
222,Seoul,KR,37.5683,126.9778,33.24,93,0,2.3,clear sky
223,Labrea,BR,-7.2586,-64.7981,77.83,94,95,1.23,heavy intensity rain
224,Narsaq,GL,60.9167,-46.05,26.82,78,100,22.35,overcast clouds
225,Yeppoon,AU,-23.1333,150.7333,78.58,71,81,14.05,broken clouds
226,Isiro,CD,2.7739,27.616,66.54,98,100,2.86,overcast clouds
227,Vestmanna,FO,62.1564,-7.1664,36.52,70,90,16.11,overcast clouds
228,Esperance,AU,-33.8667,121.9,62.44,67,84,12.03,broken clouds
229,Nabire,ID,-3.3667,135.4833,77.43,85,90,4.68,overcast clouds
230,Ipixuna,BR,-1.7625,-48.8043,75.15,90,99,2.53,light rain
231,Butaritari,KI,3.0707,172.7902,80.82,83,100,11.95,moderate rain
232,Sao Joao Da Barra,BR,-21.6403,-41.0511,75.54,84,15,14.74,few clouds
233,Newport,GB,51.5877,-2.9984,42.85,82,49,5.21,scattered clouds
234,Sivaki,RU,52.6333,126.75,0.68,98,96,5.95,overcast clouds
235,Luderitz,NA,-26.6481,15.1594,61.09,88,0,10.02,clear sky
236,Rambha,IN,19.5167,85.1,71.96,89,100,3.69,overcast clouds
237,Zelenogorskiy,RU,55.0333,87.0,27.12,95,100,7.27,overcast clouds
238,Saint-Philippe,RE,-21.3585,55.7679,76.55,81,37,10.27,scattered clouds
239,Svetlogorsk,BY,52.6333,29.7333,29.79,92,100,5.1,overcast clouds
240,Huarmey,PE,-10.0681,-78.1522,68.7,82,100,10.18,overcast clouds
241,Vardo,NO,70.3705,31.1107,10.15,78,13,22.28,few clouds
242,Klaksvik,FO,62.2266,-6.589,38.32,62,37,17.38,scattered clouds
243,Staraya Russa,RU,57.9944,31.3608,5.22,95,89,6.13,overcast clouds
244,Zima,RU,53.9202,102.0442,8.04,96,87,3.85,overcast clouds
245,Mugla,TR,37.2303,28.3557,48.87,95,96,5.19,overcast clouds
246,Mbala,ZM,-8.8402,31.3659,66.6,62,62,7.81,broken clouds
247,Tuatapere,NZ,-46.1333,167.6833,54.82,53,87,6.49,overcast clouds
248,Luganville,VU,-15.5333,167.1667,83.82,71,26,6.96,scattered clouds
249,Las Palmas,ES,28.4204,-14.0131,63.39,72,40,23.02,scattered clouds
250,Bida,NG,9.0833,6.0167,82.56,25,72,1.92,broken clouds
251,Harsin,IR,34.2721,47.5861,50.81,41,14,4.5,few clouds
252,Pitimbu,BR,-7.4706,-34.8086,81.19,78,39,13.8,scattered clouds
253,Saint-Pierre,RE,-21.3393,55.4781,76.64,76,0,6.91,clear sky
254,Quelimane,MZ,-17.8786,36.8883,79.16,76,2,7.85,clear sky
255,Pyaozerskiy,RU,65.8333,31.1667,-3.48,97,67,4.03,broken clouds
256,Tuktoyaktuk,CA,69.4541,-133.0374,-18.4,76,40,8.05,scattered clouds
257,Verkhnevilyuysk,RU,63.4453,120.3167,-27.22,91,28,6.49,scattered clouds
258,Puerto Del Rosario,ES,28.5004,-13.8627,65.95,72,40,23.02,scattered clouds
259,Banjar,ID,-8.19,114.9675,78.66,93,100,6.24,moderate rain
260,Yevpatoriya,UA,45.1972,33.3558,44.83,86,30,7.63,scattered clouds
261,Tabou,CI,4.423,-7.3528,80.62,81,13,8.12,few clouds
262,Egvekinot,RU,66.3167,-179.1667,-2.47,82,94,27.87,overcast clouds
263,Tilichiki,RU,60.4667,166.1,0.41,96,91,2.98,overcast clouds
264,Shetpe,KZ,44.1667,52.1167,37.36,68,88,4.16,overcast clouds
265,Liverpool,GB,53.4106,-2.9779,40.77,90,75,0.0,broken clouds
266,Fort Nelson,CA,58.8053,-122.7002,-15.21,70,20,5.75,few clouds
267,Banyo,CM,6.75,11.8167,75.06,37,100,2.55,overcast clouds
268,Malim,PH,7.452,123.4312,77.67,81,95,12.24,overcast clouds
269,Isangel,VU,-19.55,169.2667,84.31,79,75,0.0,broken clouds
270,Filingue,NE,14.3521,3.3168,78.55,13,1,7.18,clear sky
271,Nemuro,JP,43.3236,145.575,40.39,71,2,12.24,clear sky
272,Cavalcante,BR,-13.7975,-47.4583,70.63,88,93,2.86,overcast clouds
273,Praia Da Vitoria,PT,38.7333,-27.0667,60.76,88,75,5.01,broken clouds
274,Flinders,AU,-34.5833,150.8552,66.2,74,98,6.13,overcast clouds
275,Innisfail,AU,-17.5333,146.0333,83.88,59,66,9.66,broken clouds
276,Riachao Do Jacuipe,BR,-11.8069,-39.3856,74.03,85,19,10.76,few clouds
277,Eureka,US,40.8021,-124.1637,55.58,87,63,1.01,broken clouds
278,Jasper,US,37.2001,-94.3502,70.23,43,2,5.01,clear sky
279,Pangody,RU,65.85,74.4859,-28.44,100,30,7.65,scattered clouds
280,Hanna,CA,51.6334,-111.9018,5.02,76,53,5.99,broken clouds
281,San Carlos De Bariloche,AR,-41.1456,-71.3082,85.75,11,20,3.44,few clouds
282,Te Anau,NZ,-45.4167,167.7167,49.26,70,76,5.19,broken clouds
283,Sungaipenuh,ID,-2.0833,101.3833,63.72,96,99,1.28,light rain
284,Ambilobe,MG,-13.2,49.05,75.97,72,4,3.6,clear sky
285,Sola,VU,-13.8833,167.55,83.07,79,90,0.0,overcast clouds
286,Beringovskiy,RU,63.05,179.3167,7.29,80,100,37.58,overcast clouds
287,Bac Lieu,VN,9.285,105.7244,71.17,87,100,7.65,overcast clouds
288,Guerrero Negro,MX,27.9769,-114.0611,68.65,66,1,15.68,clear sky
289,Mazyr,BY,52.0495,29.2456,29.25,91,100,6.11,overcast clouds
290,Havoysund,NO,70.9963,24.6622,30.43,97,99,31.52,light snow
291,Touros,BR,-5.1989,-35.4608,83.3,78,72,15.86,broken clouds
292,Manyana,BW,-23.4,21.7167,71.28,65,49,6.15,scattered clouds
293,Faanui,PF,-16.4833,-151.75,81.34,66,34,17.13,scattered clouds
294,Samarai,PG,-10.6167,150.6667,82.53,75,99,8.39,overcast clouds
295,Taltal,CL,-25.4,-70.4833,67.42,65,26,6.44,scattered clouds
296,Thio,NC,-21.6167,166.2167,84.16,80,58,9.8,broken clouds
297,Hambantota,LK,6.1241,81.1185,77.05,89,9,6.96,clear sky
298,Trinidad,BO,-14.8333,-64.9,76.98,88,90,4.61,light rain
299,Tucupita,VE,9.0622,-62.051,74.8,92,45,4.72,scattered clouds
300,Bereda,ES,43.2686,-7.5406,49.41,100,96,3.76,overcast clouds
301,Mogadishu,SO,2.0371,45.3438,79.54,73,70,15.3,broken clouds
302,Castro,BR,-24.7911,-50.0119,64.58,86,91,4.59,overcast clouds
303,Lompoc,US,34.6391,-120.4579,82.02,59,1,14.97,clear sky
304,Aquiraz,BR,-3.9014,-38.3911,86.22,66,9,13.11,clear sky
305,Talnakh,RU,69.4865,88.3972,-16.8,99,100,13.67,snow
306,Maralal,KE,1.0968,36.698,58.06,83,100,6.42,overcast clouds
307,Mount Isa,AU,-20.7333,139.5,76.77,65,99,16.11,overcast clouds
308,Belmonte,BR,-15.8631,-38.8828,79.3,84,0,5.35,clear sky
309,Andilamena,MG,-17.0167,48.5833,62.55,89,31,5.35,scattered clouds
310,Kahului,US,20.8947,-156.47,76.84,81,90,4.61,light rain
311,Culleredo,ES,43.2879,-8.3886,52.84,88,75,5.75,broken clouds
312,Vyshhorod,UA,50.5848,30.4898,30.34,87,100,9.44,light snow
313,Chapeco,BR,-27.0964,-52.6183,82.15,42,40,0.0,scattered clouds
314,Airai,TL,-8.9266,125.4092,62.44,92,100,1.39,overcast clouds
315,Compiegne,FR,49.4179,2.8261,43.09,94,100,1.01,overcast clouds
316,Porbandar,IN,21.6422,69.6093,73.18,53,0,10.47,clear sky
317,Nizhniy Kuranakh,RU,58.8353,125.4869,1.11,90,100,6.58,overcast clouds
318,Nandyal,IN,15.4833,78.4833,71.69,67,5,3.36,clear sky
319,Petropavlovskoye,RU,52.0712,84.107,22.28,85,100,4.12,overcast clouds
320,Naze,JP,28.3667,129.4833,63.52,71,71,17.54,broken clouds
321,Hualmay,PE,-11.0964,-77.6139,68.29,82,100,10.6,overcast clouds
322,Senno,RU,59.5336,33.9167,-4.67,94,18,6.22,few clouds
323,Constitucion,CL,-35.3333,-72.4167,66.34,62,6,4.72,clear sky
324,Saint-Francois,FR,46.4154,3.9054,38.64,92,75,11.5,broken clouds
325,Aksu,CN,41.1231,80.2644,29.59,46,100,2.89,overcast clouds
326,Sao Filipe,CV,14.8961,-24.4956,75.42,74,64,13.78,broken clouds
327,Kawalu,ID,-7.3817,108.2082,73.54,92,100,1.97,overcast clouds
328,Carlsbad,US,33.1581,-117.3506,81.09,75,1,4.0,haze
329,Bambous Virieux,MU,-20.3428,57.7575,78.22,78,75,9.22,broken clouds
330,Fairbanks,US,64.8378,-147.7164,4.24,77,1,0.0,clear sky
331,Smidovich,RU,48.6,133.8167,13.91,98,100,1.95,overcast clouds
332,Erenhot,CN,43.6475,111.9767,21.51,77,2,2.98,clear sky
333,Yamada,JP,39.4667,141.95,37.13,75,5,6.51,clear sky
334,Merrill,US,45.1805,-89.6835,30.92,93,90,3.44,light snow
335,Aklavik,CA,68.2191,-135.0107,-10.37,86,3,8.03,clear sky
336,Cabo San Lucas,MX,22.8909,-109.9124,82.06,49,75,1.01,broken clouds
337,Mpanda,TZ,-6.3655,31.0409,66.52,85,92,0.34,overcast clouds
338,Desaguadero,PE,-16.5656,-69.0417,53.04,60,100,11.25,overcast clouds
339,Igrim,RU,63.1906,64.4162,-17.54,99,30,2.59,scattered clouds
340,Hailey,US,43.5196,-114.3153,48.06,27,1,17.27,clear sky
341,Mairipora,BR,-23.3186,-46.5867,71.56,78,90,8.05,overcast clouds
342,Koutiala,ML,12.3917,-5.4642,78.84,13,26,8.46,scattered clouds
343,Korhogo,CI,9.45,-5.6333,77.63,20,1,2.89,clear sky
344,Shieli,KZ,44.1667,66.75,41.02,71,100,4.72,light rain
345,Praxedis Guerrero,MX,31.3667,-106.0167,73.42,16,0,13.2,clear sky
346,Almaznyy,RU,48.0448,40.045,33.94,96,100,5.5,overcast clouds
347,Strezhevoy,RU,60.7333,77.5889,1.38,98,100,4.56,overcast clouds
348,Basco,PH,20.4487,121.9702,74.71,73,72,22.01,broken clouds
349,Marrakesh,MA,31.6315,-8.0083,51.87,58,0,4.61,clear sky
350,Itarema,BR,-2.9248,-39.9167,80.91,80,8,16.6,clear sky
351,Kolpashevo,RU,58.3131,82.9089,29.97,94,100,12.08,light snow
352,Gaborone,BW,-24.6545,25.9086,66.99,91,98,4.88,light rain
353,Great Yarmouth,GB,52.6083,1.7305,43.05,73,90,13.38,overcast clouds
354,Lircay,PE,-12.9896,-74.7205,54.14,87,100,3.83,overcast clouds
355,Provideniya,RU,64.3833,-173.3,30.36,93,90,22.37,snow
356,Cumaral,CO,4.2708,-73.4867,80.11,75,100,2.26,overcast clouds
357,San Pedro,PH,14.35,121.0167,72.63,79,20,4.61,few clouds
358,Cam Ranh,VN,11.9214,109.1591,73.36,73,40,10.36,scattered clouds
359,Smirnykh,RU,49.75,142.8333,12.43,96,16,2.24,few clouds
360,Iquique,CL,-20.2208,-70.1431,66.24,73,28,1.72,scattered clouds
361,Qaqortoq,GL,60.7167,-46.0333,27.1,79,100,30.6,overcast clouds
362,Cap Malheureux,MU,-19.9842,57.6142,78.48,69,4,4.0,clear sky
363,Ercis,TR,39.0287,43.3586,28.0,67,100,2.91,overcast clouds
364,Kautokeino,NO,69.0125,23.0412,-23.15,100,99,5.21,overcast clouds
365,Kloulklubed,PW,7.0419,134.2556,77.5,76,100,9.48,overcast clouds
366,Unai,BR,-16.3575,-46.9061,73.26,85,31,2.62,scattered clouds
367,Anchorage,US,61.2181,-149.9003,24.31,85,90,1.99,overcast clouds
368,Hovd,MN,48.0056,91.6419,19.51,55,100,1.57,overcast clouds
369,Nantucket,US,41.2835,-70.0995,43.97,61,1,3.44,clear sky
370,Ambon,ID,-3.6954,128.1814,80.74,83,40,12.66,scattered clouds
371,Westport,US,41.1415,-73.3579,44.91,59,1,5.01,clear sky
372,Camacha,PT,33.0833,-16.3333,63.36,59,40,13.8,scattered clouds
373,Balabac,PH,7.9868,117.0645,80.96,75,40,17.67,scattered clouds
374,Makat,KZ,47.6469,53.3463,35.71,65,100,9.13,overcast clouds
375,Longyearbyen,SJ,78.2186,15.6401,13.84,73,75,11.5,broken clouds
376,Gushi,CN,34.6425,109.5843,42.06,49,1,4.72,clear sky
377,Batagay,RU,67.6333,134.6333,-18.78,99,100,1.07,overcast clouds
378,Bucerias,MX,20.75,-105.3333,84.18,61,75,6.91,broken clouds
379,Raudeberg,NO,61.9875,5.1352,35.2,75,100,5.01,overcast clouds
380,Arkadak,RU,51.9326,43.4978,27.7,67,76,5.44,broken clouds
381,Itoman,JP,26.1247,127.6694,66.97,65,20,5.75,few clouds
382,Arkhangelsk,RU,64.5401,40.5433,5.11,92,20,2.24,few clouds
383,Hare Bay,CA,48.8499,-54.0148,29.55,63,92,7.7,overcast clouds
384,Lowestoft,GB,52.4752,1.7516,43.05,93,99,12.21,overcast clouds
385,Qrendi,MT,35.8347,14.4583,59.11,72,40,18.41,scattered clouds
386,Qui Nhon,VN,13.7667,109.2333,68.85,93,100,10.09,overcast clouds
387,Rio Brilhante,BR,-21.8019,-54.5464,87.75,33,48,8.5,scattered clouds
388,Cassia,BR,-20.5831,-46.9219,71.64,82,53,2.77,broken clouds
389,Praia,CV,14.9215,-23.5087,73.94,78,0,18.41,clear sky
390,Vanimo,PG,-2.6741,141.3028,82.29,76,95,5.93,overcast clouds
391,Mogzon,RU,51.7435,111.9606,14.67,79,24,7.36,few clouds
392,Baruun-Urt,MN,46.6806,113.2792,18.1,73,2,7.27,clear sky
393,Warah,PK,27.4481,67.7978,65.19,27,1,4.5,clear sky
394,Kayerkan,RU,69.3497,87.7602,-17.48,75,100,18.66,light snow
395,Pemba,MZ,-12.974,40.5178,81.12,78,38,9.78,scattered clouds
396,Tautira,PF,-17.7333,-149.15,86.02,75,76,16.17,broken clouds
397,Pundaguitan,PH,6.3711,126.1689,80.29,79,88,13.15,overcast clouds
398,Taitung,TW,22.7583,121.1444,62.87,77,40,4.61,scattered clouds
399,Marsa Matruh,EG,31.3525,27.2453,62.8,77,40,10.36,scattered clouds
400,La Orilla,MX,17.9833,-102.2333,83.21,65,56,6.42,broken clouds
401,Okha,RU,53.5739,142.9478,7.97,93,86,6.4,overcast clouds
402,Louis Trichardt,ZA,-23.0439,29.9032,67.03,82,79,8.48,light rain
403,Culpeper,US,38.5004,-77.9664,49.03,50,90,1.99,overcast clouds
404,Vilcun,CL,-38.65,-72.2333,83.14,26,0,8.77,clear sky
405,Teykovo,RU,56.858,40.5369,11.43,90,96,6.24,overcast clouds
406,Gafanha Da Encarnacao,PT,40.6181,-8.733,55.78,78,93,14.81,overcast clouds
407,Bam,IR,29.106,58.357,53.89,40,7,2.73,clear sky
408,Henties Bay,NA,-22.116,14.2845,59.86,90,0,6.69,clear sky
409,Asuncion,PY,-25.3007,-57.6359,89.04,43,0,17.27,clear sky
410,Chickasha,US,35.0526,-97.9364,76.35,38,1,12.66,clear sky
411,Ayagoz,KZ,47.9714,80.4392,17.96,86,88,0.63,overcast clouds
412,Bambanglipuro,ID,-7.95,110.2833,64.6,91,99,5.93,light rain
413,Ahipara,NZ,-35.1667,173.1667,73.62,69,56,9.93,broken clouds
414,West Wendover,US,40.7391,-114.0733,51.01,37,1,12.66,clear sky
415,Vestmannaeyjar,IS,63.4427,-20.2734,45.14,81,100,18.45,overcast clouds
416,Bulawayo,ZW,-20.15,28.5833,73.69,50,95,10.31,overcast clouds
417,Sambava,MG,-14.2667,50.1667,75.45,87,4,10.18,light rain
418,Raposos,BR,-19.9672,-43.8042,78.21,87,73,3.51,broken clouds
419,Humen,CN,22.819,113.6731,60.91,36,21,6.64,few clouds
420,Megion,RU,61.0296,76.1136,1.42,97,97,5.59,overcast clouds
421,Khandbari,NP,27.3747,87.2039,57.76,71,16,3.22,few clouds
422,Rawson,AR,-43.3002,-65.1023,66.38,54,33,14.72,scattered clouds
423,Mareeba,AU,-17.0,145.4333,82.49,71,2,5.3,clear sky
424,Los Banos,PH,14.1667,121.1833,72.09,86,57,7.16,broken clouds
425,Quatre Cocos,MU,-20.2078,57.7625,78.1,70,19,11.92,few clouds
426,Vila Franca Do Campo,PT,37.7167,-25.4333,64.2,84,41,3.29,scattered clouds
427,Wembley,AU,-31.9333,115.8,64.69,67,0,12.66,clear sky
428,Lagoa,PT,39.05,-27.9833,63.16,75,80,11.92,broken clouds
429,Kutum,SD,14.2,24.6667,64.72,23,6,8.77,clear sky
430,Tigil,RU,57.8,158.6667,21.38,92,100,20.6,light snow
431,Barzas,RU,55.7167,86.3167,26.83,95,100,12.21,overcast clouds
432,Goksun,TR,38.021,36.4973,31.15,79,1,1.07,clear sky
433,Carmunnock,GB,55.7906,-4.2358,34.68,91,61,1.14,broken clouds
434,Mgandu,TZ,-5.95,34.1333,64.71,71,100,8.05,overcast clouds
435,Redcar,GB,54.6166,-1.06,41.36,82,78,4.05,broken clouds
436,Hirata,JP,35.4333,132.8167,33.82,100,20,6.91,few clouds
437,Jiwani,PK,25.05,61.7417,73.81,46,1,7.23,clear sky
438,Nyrob,RU,60.733,56.7202,-13.9,100,86,1.86,overcast clouds
439,Hervey Bay,AU,-25.2986,152.8535,77.11,89,10,4.0,light rain
440,Pangai,TO,-19.8,-174.35,82.51,69,20,17.27,few clouds
441,Gondar,ET,12.6,37.4667,58.3,33,0,4.12,clear sky
442,Bandarbeyla,SO,9.4942,50.8122,76.33,64,5,16.42,clear sky
443,Uvarovka,RU,55.5278,35.6061,19.6,99,99,2.77,overcast clouds
444,Sabang,ID,5.8933,95.3214,81.16,77,94,14.25,light rain
445,Bonthe,SL,7.5264,-12.505,80.53,80,17,7.34,few clouds
446,Alugan,PH,12.2188,125.4808,78.35,78,64,13.2,broken clouds
447,Riyadh,SA,24.6877,46.7219,55.54,34,4,4.97,clear sky
448,Hollins,US,37.3413,-79.9431,51.82,54,20,4.61,few clouds
449,Rio Grande,BR,-32.035,-52.0986,70.95,78,26,12.37,scattered clouds
450,Kualakapuas,ID,-3.0091,114.3876,77.16,98,96,3.09,overcast clouds
451,Lavrentiya,RU,65.5833,-171.0,29.86,97,100,11.25,snow
452,Nahrin,AF,36.0649,69.1334,40.69,75,7,2.28,clear sky
453,Fortuna,US,40.5982,-124.1573,55.33,93,90,1.01,overcast clouds
454,Tornio,FI,65.8481,24.1466,2.95,97,31,5.12,scattered clouds
455,Aldan,RU,58.6031,125.3894,-1.46,95,100,7.81,overcast clouds
456,Brownwood,US,31.7093,-98.9912,78.12,64,90,19.39,overcast clouds
457,Port Lincoln,AU,-34.7333,135.8667,61.47,69,1,5.73,clear sky
458,Faya,SA,18.3851,42.4509,55.51,70,0,1.79,clear sky
459,Guarapari,BR,-20.6667,-40.4975,78.69,87,49,9.6,scattered clouds
460,Sivas,TR,39.7916,37.0019,34.43,86,0,5.75,clear sky
461,Nhulunbuy,AU,-12.2333,136.7667,84.81,70,69,2.3,broken clouds
462,Osmena,PH,10.5208,119.9258,80.65,70,91,20.07,overcast clouds
463,Havelock,US,34.8791,-76.9013,62.58,79,95,1.99,overcast clouds
464,Providencia,MX,28.7167,-111.5833,85.21,30,0,11.52,clear sky
465,Omsukchan,RU,62.5333,155.8,-33.86,99,65,3.76,broken clouds
466,Youkounkoun,GN,12.5333,-13.1333,79.29,19,70,5.57,broken clouds
467,Grand Gaube,MU,-20.0064,57.6608,78.39,69,7,5.99,clear sky
468,Nadvoitsy,RU,63.8667,34.3167,5.65,96,52,4.81,broken clouds
469,Caohai,CN,26.8661,104.2841,37.54,91,4,3.22,clear sky
470,Green River,US,41.5286,-109.4662,48.15,42,75,26.31,broken clouds
471,Batagay-Alyta,RU,67.8006,130.4114,-20.09,98,100,2.62,overcast clouds
472,Tessalit,ML,20.1986,1.0114,66.69,16,66,8.55,broken clouds
473,Severo-Yeniseyskiy,RU,60.3725,93.0408,8.76,96,100,2.8,light snow
474,Kui Buri,TH,12.0828,99.8543,65.7,76,28,7.99,scattered clouds
475,Cahokia,US,38.5709,-90.1901,63.05,81,1,8.05,clear sky
476,Wilkie,CA,52.4168,-108.7014,-5.12,77,96,12.35,overcast clouds
477,Beyneu,KZ,45.3167,55.2,35.98,74,100,9.95,overcast clouds
478,Lomovka,RU,53.9194,58.3672,25.72,95,100,2.24,light snow
479,Pacific Grove,US,36.6177,-121.9166,74.3,81,1,5.99,haze
480,Topolobampo,MX,25.6,-109.05,78.71,41,75,12.66,smoke
481,Gladstone,AU,-23.85,151.25,78.73,65,86,11.5,overcast clouds
482,Fare,PF,-16.7,-151.0167,81.3,66,62,18.41,broken clouds
483,Kilindoni,TZ,-7.9139,39.6668,79.43,80,91,5.99,overcast clouds
484,Kasiri,SL,8.9412,-13.1148,82.58,82,39,4.52,scattered clouds
485,Pimentel,PE,-6.8367,-79.9342,70.09,73,0,20.71,clear sky
486,Alofi,NU,-19.0595,-169.9187,80.49,78,78,19.57,light rain
487,Granada,ES,37.25,-3.25,41.45,55,8,5.39,clear sky
488,Bollnas,SE,61.3482,16.3946,15.39,95,100,3.27,overcast clouds
489,Ndele,CF,8.4109,20.6473,82.27,25,99,4.52,overcast clouds
490,Chinchani,IN,19.8667,72.7,73.26,72,0,4.61,clear sky
491,Sompeta,IN,18.9333,84.6,73.22,88,90,3.36,overcast clouds
492,Comodoro Rivadavia,AR,-45.8667,-67.5,66.06,45,20,26.46,few clouds
493,Bathsheba,BB,13.2167,-59.5167,81.21,69,75,20.71,broken clouds
494,Siguiri,GN,11.6667,-9.5,75.92,19,16,2.95,few clouds
495,Fuerte,PH,17.5381,120.3644,77.11,71,99,5.57,overcast clouds
496,Tazovskiy,RU,67.4667,78.7,-13.59,87,68,15.55,broken clouds
497,Banfora,BF,10.6333,-4.7667,79.23,14,3,5.1,clear sky
498,Marsassoum,SN,12.8275,-15.9806,73.49,34,90,1.43,overcast clouds
499,Balikpapan,ID,-1.2675,116.8289,77.99,89,40,5.75,moderate rain
500,Cozumel,MX,20.5083,-86.9458,82.47,77,40,8.99,scattered clouds
501,San Cristobal,VE,7.7669,-72.225,77.18,74,75,2.01,broken clouds
502,Lixourion,GR,38.2019,20.4314,60.85,75,78,21.39,broken clouds
503,Maneadero,MX,31.7167,-116.5667,71.19,80,1,3.0,clear sky
504,Iaciara,BR,-14.0958,-46.6317,71.33,86,53,1.88,broken clouds
505,Demidov,RU,55.2706,31.515,21.63,98,100,3.13,overcast clouds
506,Norrtalje,SE,59.758,18.705,21.02,77,54,4.97,broken clouds
507,Sarangani,PH,5.4033,125.4636,81.99,77,61,10.45,broken clouds
508,Dajal,PK,29.5577,70.3762,59.56,30,0,5.86,clear sky
509,Reitz,ZA,-27.8014,28.4273,55.99,98,100,4.45,light rain
510,Zhuhai,CN,22.2769,113.5678,64.06,63,0,14.97,clear sky
511,Palu,ID,-0.8917,119.8707,77.9,86,67,2.08,broken clouds
512,Usinsk,RU,65.9939,57.5281,1.45,97,96,8.05,overcast clouds
513,Saint-Paul,RE,-21.0096,55.2707,77.09,81,31,3.76,scattered clouds
514,Kampong Cham,KH,11.9934,105.4635,66.7,89,85,9.69,overcast clouds
515,Hami,CN,42.8,93.45,29.12,52,99,5.37,overcast clouds
516,Bom Jesus Da Lapa,BR,-13.255,-43.4181,73.9,80,60,5.35,broken clouds
517,Havre-Saint-Pierre,CA,50.2334,-63.5986,23.59,63,40,12.66,scattered clouds
518,Mulege,MX,26.8833,-111.9833,75.54,35,1,10.85,clear sky
519,Clyde River,CA,70.4692,-68.5914,10.63,85,100,29.93,light snow
520,Halkirk,CA,52.2834,-112.1518,2.77,84,49,7.72,scattered clouds
521,Jiuquan,CN,39.7432,98.5174,23.56,57,17,4.79,few clouds
522,Shahr-E Babak,IR,30.1165,55.1186,46.0,39,75,7.52,broken clouds
523,Panacan,PH,9.2463,118.4082,78.19,79,24,10.83,few clouds
524,Shakawe,BW,-18.3667,21.85,72.36,65,100,6.91,overcast clouds
525,Jiazi,CN,22.8779,116.067,57.13,65,19,8.93,few clouds
526,Pilot Butte,CA,50.4668,-104.4178,2.66,74,75,16.11,broken clouds
527,Shimoda,JP,34.6667,138.95,49.1,83,100,16.11,light rain
528,Benjamin Constant,BR,-4.3831,-70.0311,82.53,74,40,2.3,scattered clouds
529,Barroquinha,BR,-3.0189,-41.1361,80.8,76,54,8.05,broken clouds
530,Labuhan,ID,-6.8844,112.2051,78.49,80,100,6.38,overcast clouds
531,Bowen,AU,-20.0167,148.2333,84.42,59,15,15.86,few clouds
532,Hopkins,US,37.3334,-87.55,67.23,89,44,17.54,scattered clouds
533,Berdigestyakh,RU,62.0989,126.6992,-8.16,91,100,8.19,overcast clouds
534,Raton,US,36.9034,-104.4391,68.61,6,1,12.66,clear sky
535,Coahuayana,MX,18.7333,-103.6833,90.88,65,97,3.56,overcast clouds
536,Geraldton,AU,-28.7667,114.6,64.81,82,1,8.05,clear sky
537,Cheremukhovo,RU,60.3484,59.9851,-2.65,98,100,3.06,light snow
538,Opuwo,NA,-18.0607,13.84,67.37,25,0,2.15,clear sky
539,Kovrov,RU,56.3572,41.3192,17.08,93,99,5.39,overcast clouds
540,Presidencia Roque Saenz Pena,AR,-26.7852,-60.4388,82.76,41,5,5.97,clear sky
541,Teguldet,RU,57.3064,88.1667,31.5,92,100,13.44,overcast clouds
542,Papagaios,BR,-19.4492,-44.7478,71.17,73,33,2.33,scattered clouds
543,Synya,RU,65.3718,58.0387,-1.39,97,99,3.42,overcast clouds
544,Lapeer,US,43.0514,-83.3188,35.51,93,90,9.22,light rain
545,Mahina,PF,-17.5065,-149.489,85.77,62,40,19.57,scattered clouds
546,Pareora,NZ,-44.4871,171.2132,54.18,83,100,7.16,overcast clouds
547,Carballo,ES,43.213,-8.691,51.49,93,79,3.02,broken clouds
548,Pindiga,NG,9.9833,10.9333,76.08,25,52,9.48,broken clouds
549,Souillac,MU,-20.5167,57.5167,78.37,78,75,9.22,broken clouds
550,Chirongui,YT,-12.9319,45.1483,80.53,77,14,5.99,few clouds
551,Caravelas,BR,-17.7125,-39.2481,74.43,87,0,5.01,clear sky
552,Botou,CN,38.0667,116.5667,40.91,40,89,11.79,overcast clouds
553,Myski,RU,53.709,87.8014,15.8,98,89,3.47,overcast clouds
554,Nedjo,ET,9.5046,35.5019,59.22,43,4,1.86,clear sky
555,Nikki,BJ,9.9401,3.2108,77.83,25,99,2.33,overcast clouds
556,Huesca,ES,42.1362,-0.4087,38.97,89,0,13.0,clear sky
557,Chapleau,CA,47.8405,-83.4034,15.89,92,75,8.05,broken clouds
558,Wangqing,CN,43.3218,129.7634,18.09,90,17,1.95,few clouds
559,Rognan,NO,67.0953,15.3878,14.88,82,2,10.51,clear sky
560,Son La,VN,21.3167,103.9,48.92,82,14,1.77,few clouds
561,Vertientes,CU,21.2594,-78.1464,77.61,84,100,6.53,moderate rain
562,Tabas,IR,33.5959,56.9244,50.29,34,64,1.66,broken clouds
563,Tura,IN,25.5198,90.2201,66.34,81,100,2.53,overcast clouds
564,Lufilufi,WS,-13.8745,-171.5986,87.58,75,23,8.81,few clouds
565,Rudbar,AF,30.15,62.6,50.45,49,0,4.85,clear sky
566,Salinopolis,BR,-0.6136,-47.3561,79.83,85,27,11.68,scattered clouds
567,Oranjemund,NA,-28.55,16.4333,61.86,90,37,7.0,scattered clouds
568,Gayny,RU,60.3071,54.3241,-11.92,100,90,3.83,overcast clouds
569,Maniitsoq,GL,65.4167,-52.9,26.24,76,100,32.35,light snow
570,Orocue,CO,4.7912,-71.3354,81.36,64,92,5.93,overcast clouds
571,Kohlu,PK,29.8962,69.252,45.82,41,3,2.55,clear sky
572,Algiers,DZ,36.7525,3.042,55.22,54,40,25.32,thunderstorm
573,Najran,SA,17.4924,44.1277,54.25,38,0,1.48,clear sky
574,Adrar,MR,20.5022,-10.0711,61.5,13,100,10.47,overcast clouds
575,Sinegorye,RU,62.0788,150.477,-30.48,80,11,3.85,few clouds
576,Nahuizalco,SV,13.7775,-89.7367,89.44,61,0,2.71,clear sky
577,Burns Lake,CA,54.2331,-125.7533,11.62,61,100,1.12,overcast clouds
578,Sur,OM,22.5667,59.5289,72.28,72,0,4.72,clear sky
579,Nalut,LY,30.3333,10.85,46.78,36,0,9.66,clear sky
580,Dingle,PH,10.9995,122.6711,73.22,89,40,6.87,scattered clouds
581,Palmer,US,42.1584,-72.3287,39.47,59,75,5.75,broken clouds
582,Aransas Pass,US,27.9095,-97.15,78.89,90,1,10.0,clear sky
583,Nagar Karnul,IN,16.4821,78.3247,69.21,67,8,6.24,clear sky
584,Tacna,PE,-18.0056,-70.2483,64.6,72,75,9.22,broken clouds
585,Portland,US,45.5234,-122.6762,48.51,79,75,1.01,broken clouds
586,Chadiza,ZM,-14.0678,32.4392,71.35,51,6,2.46,clear sky
587,Kavaratti,IN,10.5669,72.642,80.69,72,60,12.48,broken clouds
588,Ituango,CO,7.1712,-75.764,64.63,99,100,1.99,overcast clouds
589,Wanlaweyn,SO,2.6185,44.8938,75.63,77,20,7.9,few clouds
590,San Vicente,AR,-26.6167,-54.1333,75.34,50,18,2.51,few clouds
591,Odweyne,SO,9.4092,45.064,61.72,56,10,2.82,clear sky
592,Traralgon,AU,-38.1833,146.5333,72.91,47,86,2.66,overcast clouds
593,Genhe,CN,50.7833,121.5167,-0.76,98,94,3.89,overcast clouds
594,Ostersund,SE,63.1792,14.6357,10.85,79,90,9.22,overcast clouds
595,Brae,GB,60.3964,-1.353,40.91,62,78,8.14,broken clouds
596,Almeirim,BR,-1.5233,-52.5817,77.4,85,93,3.24,moderate rain
597,Awjilah,LY,29.1081,21.2869,57.27,60,0,6.62,clear sky
598,Kristinehamn,SE,59.3098,14.1081,18.5,88,46,7.87,scattered clouds
599,Aleksandrovsk-Sakhalinskiy,RU,50.8975,142.1561,31.33,79,21,17.38,few clouds
600,Jizan,SA,17.3333,42.6667,77.94,71,0,2.55,clear sky
601,Hofn,IS,64.2539,-15.2082,41.11,95,100,30.89,heavy intensity rain
602,Petropavlovsk-Kamchatskiy,RU,53.0452,158.6483,25.39,59,75,8.95,broken clouds
603,Tartagal,AR,-22.5164,-63.8013,68.65,90,100,4.85,overcast clouds
604,Requena,ES,39.4883,-1.1004,44.17,68,28,12.35,scattered clouds
605,Iralaya,HN,15.0,-83.2333,78.31,86,11,7.96,few clouds
606,Casper,US,42.8666,-106.3131,20.71,81,90,8.01,light snow
607,Dovbysh,UA,50.3733,27.9874,29.73,96,99,5.14,overcast clouds
608,Reconquista,AR,-29.15,-59.65,82.02,42,12,8.03,few clouds
609,Vao,NC,-22.6667,167.4833,76.24,81,100,16.89,overcast clouds
610,Andenes,NO,69.3143,16.1194,22.98,74,90,12.66,overcast clouds
611,Karup,DK,56.3067,9.1684,30.78,86,75,10.36,broken clouds
612,Kedrovyy,RU,56.1667,91.8167,28.87,87,99,12.08,overcast clouds
613,Port Macquarie,AU,-31.4333,152.9167,68.9,69,99,6.2,overcast clouds
614,Namibe,AO,-15.1961,12.1522,72.28,62,4,6.42,clear sky
615,Hastings,GB,50.8552,0.5729,43.92,80,73,19.66,broken clouds
616,Broome,US,42.2506,-75.833,41.0,60,90,1.99,overcast clouds
617,Pringsewu,ID,-5.3582,104.9744,72.91,97,100,1.12,overcast clouds
618,Sarkand,KZ,45.41,79.9186,36.72,74,100,3.85,light rain
619,Along,IN,28.1667,94.7667,56.08,85,74,1.57,broken clouds
620,Oistins,BB,13.0667,-59.5333,80.69,69,75,20.71,broken clouds
621,Cascais,PT,38.6979,-9.4215,56.52,69,8,1.01,clear sky
622,Iranshahr,IR,27.2025,60.6848,59.14,37,22,2.89,few clouds
623,Orlik,RU,52.5178,99.825,-2.74,88,62,2.37,broken clouds
624,Sokoni,TZ,-6.4333,39.55,79.02,81,71,6.51,moderate rain
625,Bure,ET,10.7,37.0667,57.07,46,2,5.37,clear sky
626,Willowmore,ZA,-33.2926,23.4895,60.1,79,89,6.17,light rain
627,Pueblo Nuevo,MX,23.3833,-105.3833,62.78,38,62,5.26,broken clouds
628,Rizal,PH,15.7118,121.1061,68.14,84,84,4.21,broken clouds
629,Bang Saphan,TH,11.2126,99.5117,69.75,78,34,7.54,scattered clouds
630,Terralba,IT,39.7192,8.6392,45.01,82,95,13.33,moderate rain
631,Arman,RU,59.7,150.1667,-14.35,92,26,6.29,scattered clouds
632,Khasan,RU,42.4308,130.6434,27.45,72,2,4.81,clear sky
633,Leglise,BE,49.7999,5.5365,35.35,98,100,2.82,overcast clouds
634,Verkhnyaya Inta,RU,65.9811,60.3094,-1.07,97,99,9.15,overcast clouds
635,Pitea,SE,65.3172,21.4794,-5.71,97,41,3.76,scattered clouds
636,Qingyuan,CN,23.7,113.0333,53.58,64,11,5.5,few clouds
637,Gondanglegi,ID,-7.7479,112.0132,75.7,90,100,6.35,overcast clouds
638,Semirom,IR,31.4167,51.5667,36.03,29,91,4.68,overcast clouds
639,Kirksville,US,40.1948,-92.5833,60.12,72,90,3.0,overcast clouds
640,Rio Gallegos,AR,-51.6226,-69.2181,64.45,16,20,28.77,few clouds
641,Bonavista,CA,48.6499,-53.1147,33.12,63,94,17.43,overcast clouds
642,Tiarei,PF,-17.5333,-149.3333,86.02,74,68,16.06,broken clouds
643,San Pedro De Ycuamandiyu,PY,-24.0917,-57.0764,84.22,44,44,3.11,scattered clouds
644,Waltershausen,DE,50.9,10.5667,35.46,93,68,1.66,broken clouds
645,Xinqing,CN,48.2333,129.5,13.01,99,87,4.29,overcast clouds
646,Camabatela,AO,-8.1881,15.375,62.73,97,100,2.15,light rain
647,Okhotsk,RU,59.3833,143.3,-12.73,88,19,12.37,few clouds
648,Havre,FR,49.5833,0.3333,46.17,71,75,20.71,broken clouds
649,Ilhabela,BR,-23.7781,-45.3581,72.95,92,83,7.99,broken clouds
650,Antalaha,MG,-14.9003,50.2788,73.76,88,8,6.08,light rain
651,Gao,ML,16.6362,1.637,74.77,11,23,8.72,few clouds
652,Boden,SE,65.8252,21.6886,-5.8,100,58,2.84,broken clouds
653,Kronshagen,DE,54.3433,10.0994,39.09,87,90,21.85,overcast clouds
654,Zlobin,HR,45.2924,14.6541,36.7,69,20,16.11,few clouds
655,Roma,US,43.2128,-75.4557,40.12,77,90,6.91,overcast clouds
656,San Patricio,US,28.017,-97.5169,81.54,79,100,14.2,overcast clouds
657,Clarence Town,AU,-32.5833,151.7833,71.35,68,100,6.87,overcast clouds
658,Kieta,PG,-6.2167,155.6333,82.81,76,100,2.24,overcast clouds
659,Madimba,TZ,-10.4,40.3333,77.25,88,100,6.2,light rain
660,Suna,RU,57.8338,50.0588,-0.96,95,22,5.03,few clouds
661,Ternate,ID,0.8,127.4,82.24,79,94,9.73,overcast clouds
662,Nova Olinda Do Norte,BR,-3.8881,-59.0942,77.04,92,42,1.59,scattered clouds
663,Preobrazheniye,RU,42.9019,133.9064,39.72,95,91,6.33,overcast clouds
664,Mabaruma,GY,8.2,-59.7833,73.85,95,86,3.42,overcast clouds
665,Liku,ID,-0.7275,119.8922,77.67,81,85,1.12,light rain
